Seq No,Line Name,Heading,Type,Incr,Orca Status,NRT Status,Reprocess,Start of Line (FGSP),,,End of Line (LGSP),,
67,LD2511674P1067,90.0°,3D,1,Unfinished,Reprocess,Pending,15901,13-Apr-2026,17:42:26,19607,14-Apr-2026,01:07:22
66,LD2511098P1066,270.0°,3D,1,Unfinished,Reprocess,Caveats,19305,13-Apr-2026,05:35:43,15900,13-Apr-2026,13:01:03
65,LD2511710P1065,90.0°,3D,1,Unfinished,Reprocess,Caveats,8251,11-Apr-2026,23:27:29,19607,12-Apr-2026,23:41:30
64,LD2511134P1064,270.0°,3D,1,Unfinished,Reprocess,Caveats,19305,10-Apr-2026,18:49:48,7949,11-Apr-2026,17:45:26
63,LD2511746P1063,90.0°,3D,1,Finished,Reprocess,Caveats,8251,09-Apr-2026,13:59:01,19607,10-Apr-2026,14:54:25
62,LD2512322P1062,270.0°,3D,1,Unfinished,Reprocess,Caveats,17339,08-Apr-2026,14:35:06,9699,09-Apr-2026,06:28:44
61,LD2512754P1061,90.0°,3D,1,Finished,Reprocess,Caveats,10001,07-Apr-2026,19:06:36,17641,08-Apr-2026,10:31:41
60,LD2512358P1060,270.0°,3D,1,Acquiring,Reprocess,Pending,17339,06-Apr-2026,18:28:35,9730,07-Apr-2026,11:36:06
59,LD2512790P1059,90.0°,3D,1,Finished,Reprocess,Caveats,10001,05-Apr-2026,22:19:26,17641,06-Apr-2026,13:26:33
58,LD2513006I1058,270.0°,3D,1,Unfinished,Reprocess,Caveats,17339,05-Apr-2026,01:01:28,9699,05-Apr-2026,16:39:10
57,LD2512826P1057,90.0°,3D,1,Unfinished,Reprocess,Caveats,10001,04-Apr-2026,02:42:09,17641,04-Apr-2026,18:17:09
56,LD2513006P1056,270.0°,3D,1,Finished,Caveats,Optimal,17339,03-Apr-2026,01:26:16,9699,03-Apr-2026,17:29:03
55,LD2512862P1055,90.0°,3D,1,Finished,Reprocess,Caveats,10001,02-Apr-2026,02:43:55,17641,02-Apr-2026,18:37:46
54,LD2513042P1054,270.0°,3D,1,Finished,Reprocess,Caveats,17339,01-Apr-2026,05:23:20,9699,01-Apr-2026,20:16:10
53,LD2512898P1053,90.0°,3D,1,Finished,Reprocess,Caveats,10001,31-Mar-2026,07:22:33,17641,31-Mar-2026,22:50:10
52,LD2513078P1052,270.0°,3D,1,Unfinished,Reprocess,Pending,17339,30-Mar-2026,08:53:09,9699,31-Mar-2026,00:48:12
51,LD2512934P1051,90.0°,3D,1,Unfinished,Reprocess,Caveats,10001,29-Mar-2026,09:32:32,17641,30-Mar-2026,01:21:59
50,LD2513114P1050,270.0°,3D,1,Finished,Reprocess,Caveats,17339,28-Mar-2026,11:35:58,9699,29-Mar-2026,03:38:01
49,LD2512970P1049,90.0°,3D,1,Finished,Reprocess P2,Caveats,10001,27-Mar-2026,14:43:39,17641,28-Mar-2026,05:14:04
48,LD2513150P1048,270.0°,3D,1,Finished,Reprocess,Caveats,17338,26-Mar-2026,16:32:32,9699,27-Mar-2026,08:38:19
47,LD2513330I2047,90.0°,3D,1,Finished,Caveats,Caveats,14993,26-Mar-2026,05:40:50,17328,26-Mar-2026,10:13:58
46,LD2513798P2046,270.0°,3D,1,Finished,Caveats,Caveats,14619,25-Mar-2026,23:22:17,13827,26-Mar-2026,00:58:46
45,LD2513330I1045,90.0°,3D,1,Finished,Reprocess,Caveats,10001,25-Mar-2026,09:30:47,15023,25-Mar-2026,18:55:28
44,LD2513186P1044,270.0°,3D,1,Finished,Reprocess,Caveats,17338,24-Mar-2026,10:09:22,9699,25-Mar-2026,03:15:15
43,LD2513330P1043,90.0°,3D,1,Unfinished,Reprocess,Caveats,10001,23-Mar-2026,14:28:02,17328,24-Mar-2026,04:06:39
42,LD2513222P1042,270.0°,3D,1,Unfinished,Reprocess,Caveats,17338,22-Mar-2026,15:15:36,9699,23-Mar-2026,07:54:48
41,LD2513366P1041,90.0°,3D,1,Unfinished,Reprocess,Caveats,10001,21-Mar-2026,18:55:41,17197,22-Mar-2026,08:59:43
40,LD2513258P1040,270.0°,3D,1,Unfinished,Reprocess,Caveats,17288,20-Mar-2026,20:03:33,9699,21-Mar-2026,12:16:29
39,LD2513402P1039,90.0°,3D,1,Finished,Reprocess,Caveats,10001,19-Mar-2026,23:23:28,17066,20-Mar-2026,13:26:03
38,LD2513762I1038,270.0°,3D,1,Finished,Reprocess,Caveats,15454,19-Mar-2026,05:55:02,10501,19-Mar-2026,15:56:05
37,LD2513294P2037,90.0°,3D,1,Finished,Reprocess,Caveats,15321,18-Mar-2026,18:32:29,17459,18-Mar-2026,22:43:30
36,LD2514050P2036,270.0°,3D,1,Finished,Caveats,Caveats,14835,18-Mar-2026,09:53:26,13671,18-Mar-2026,12:16:13
35,LD2513654P2035,90.0°,3D,1,Finished,Caveats,Optimal,13821,18-Mar-2026,00:09:40,16149,18-Mar-2026,04:43:25
34,LD2514014P4034,270.0°,3D,1,Finished,Reprocess,Caveats,14835,17-Mar-2026,15:13:43,13210,17-Mar-2026,18:35:53
33,LD2513690P2033,90.0°,3D,1,Finished,Reprocess,Caveats,13671,17-Mar-2026,05:15:33,16018,17-Mar-2026,09:58:09
32,LD2513978P2032,270.0°,3D,1,Finished,Reprocess,Optimal,14835,16-Mar-2026,21:27:25,13605,17-Mar-2026,00:05:45
31,LD2513726P2031,90.0°,3D,1,Finished,Reprocess,Caveats,10389,16-Mar-2026,05:11:34,15887,16-Mar-2026,16:21:23
30,LD2513762P1030,270.0°,3D,1,Finished,Reprocess,Caveats,15454,15-Mar-2026,09:55:36,9699,15-Mar-2026,22:44:35
29,LD2513438P1029,90.0°,3D,1,Finished,Reprocess,Caveats,10001,14-Mar-2026,11:48:43,16935,15-Mar-2026,02:09:37
28,LD2513798P1028,270.0°,3D,1,Finished,Reprocess,Caveats,15323,13-Mar-2026,17:37:40,9699,14-Mar-2026,06:10:07
27,LD2513474P1027,90.0°,3D,1,Finished,Reprocess,Caveats,10001,12-Mar-2026,21:40:11,16804,13-Mar-2026,11:25:13
26,LD2513834P1026,270.0°,3D,1,Finished,Reprocess,Caveats,15192,12-Mar-2026,00:57:38,9699,12-Mar-2026,12:04:03
25,LD2513510P1025,90.0°,3D,1,Finished,Reprocess,Optimal,10001,11-Mar-2026,05:26:27,16673,11-Mar-2026,18:37:47
24,LD2513870P1024,270.0°,3D,1,Finished,Reprocess,Optimal,15061,10-Mar-2026,13:33:46,9699,11-Mar-2026,00:21:56
23,LD2513546P1023,90.0°,3D,1,Finished,Reprocess,Optimal,10001,09-Mar-2026,18:49:04,16542,10-Mar-2026,07:22:01
22,LD2513906P1022,270.0°,3D,1,Finished,Reprocess,Caveats,14930,09-Mar-2026,02:37:30,9699,09-Mar-2026,13:54:39
21,LD2513582P1021,90.0°,3D,1,Finished,Reprocess,Optimal,10001,08-Mar-2026,07:20:55,16411,08-Mar-2026,20:32:56
20,LD2513942P1020,270.0°,3D,1,Finished,Reprocess,Optimal,14835,07-Mar-2026,16:11:10,9699,08-Mar-2026,02:26:57
19,LD2513618P1019,90.0°,3D,1,Finished,Reprocess,Caveats,10001,06-Mar-2026,21:37:49,16280,07-Mar-2026,09:45:29
18,LD2512394P1018,270.0°,3D,1,Finished,Caveats,Optimal,14950,06-Mar-2026,05:01:22,9699,06-Mar-2026,16:19:21
17,LD2510162P1017,90.0°,3D,1,Finished,Reprocess,Caveats,14002,05-Mar-2026,15:34:01,15812,05-Mar-2026,18:54:26
16,LD2510450P1016,270.0°,3D,1,Finished,Reprocess,Caveats,15510,05-Mar-2026,05:49:17,13559,05-Mar-2026,10:06:26
15,LD2510198P1015,90.0°,3D,1,Finished,Reprocess,Caveats,13984,04-Mar-2026,20:36:50,15812,05-Mar-2026,00:00:14
14,LD2510486P1014,270.0°,3D,1,Finished,Reprocess,Caveats,15510,04-Mar-2026,10:58:33,13541,04-Mar-2026,15:21:18
13,LD2510234P1013,90.0°,3D,1,Finished,Caveats,Optimal,13967,04-Mar-2026,01:35:55,15812,04-Mar-2026,05:09:36
12,LD2510522P1012,270.0°,3D,1,Finished,Reprocess,Caveats,19305,03-Mar-2026,07:21:45,13524,03-Mar-2026,20:23:45
11,LD2511458P1011,90.0°,3D,1,Finished,Reprocess,Caveats,11900,02-Mar-2026,11:46:43,19607,03-Mar-2026,02:17:48
10,LD2512430P1010,270.0°,3D,1,Finished,Reprocess,Optimal,14950,01-Mar-2026,17:45:12,9699,02-Mar-2026,04:25:41
9,LD2513294P1009,90.0°,3D,1,Finished,Reprocess,Optimal,10001,01-Mar-2026,02:33:53,15350,01-Mar-2026,12:40:48
8,LD2513978P1008,270.0°,3D,1,Finished,Reprocess,Optimal,13634,28-Feb-2026,01:45:52,9699,28-Feb-2026,10:06:51
7,LD2513654P1007,90.0°,3D,1,Finished,Caveats,Not required,10001,27-Feb-2026,11:10:30,13850,27-Feb-2026,19:22:03
6,LD2514014P3006,270.0°,3D,1,Finished,Reprocess,Caveats,13510,26-Feb-2026,23:06:00,9699,27-Feb-2026,06:45:48
5,LD2514014P2005,270.0°,3D,1,NTBP,Reprocess,Pending,13628,26-Feb-2026,22:51:20,13611,26-Feb-2026,22:53:28
4,LD2514014P1004,270.0°,3D,1,NTBP,Reprocess,Pending,13700,26-Feb-2026,22:42:05,13686,26-Feb-2026,22:43:57
3,LD2513690P1003,90.0°,3D,1,Finished,Caveats,Caveats,10001,26-Feb-2026,10:09:55,13700,26-Feb-2026,17:37:58
2,LD2514050P1002,270.0°,3D,1,Finished,Caveats,Optimal,13700,25-Feb-2026,22:04:52,9699,26-Feb-2026,05:50:52
1,LD2513726P1001,90.0°,3D,1,Finished,Caveats,Optimal,10004,25-Feb-2026,08:26:12,11320,25-Feb-2026,11:04:55
