,,,V1 Easting,V1 Northing,V1 Bottom Speed
Time,Time,Shot,Value (Meters),Value (Meters),Value (Units per second)
1772146095.441761,22:48:15.441761,,177361.51551620,303092.44317357,1.56760201
1772146102.026022,22:48:22.026022,,177346.77489749,303093.65702740,2.27954337
1772146111.026022,22:48:31.026022,1,177328.49213115,303095.65860573,2.06561076
1772146123.026022,22:48:43.026022,3,177302.53558818,303097.63403479,2.15538303
1772146133.026022,22:48:53.026022,4,177280.74314586,303099.41356019,2.15958477
1772146142.026022,22:49:02.026022,4,177260.55618946,303101.18994466,2.22950137
1772146154.026022,22:49:14.026022,6,177233.21566287,303103.30104796,2.24819207
1772146163.026022,22:49:23.026022,7,177211.93375102,303105.09951238,2.31823686
1772146172.026022,22:49:32.026022,7,177190.48459903,303107.04190699,2.40347838
1772146181.026022,22:49:41.026022,8,177169.58772365,303108.31981925,2.34162085
1772146193.026022,22:49:53.026022,10,177142.04589549,303110.06938878,2.29157695
1772146202.026022,22:50:02.026022,10,177121.62105457,303111.57666818,2.27705769
1772146214.026022,22:50:14.026022,12,177094.45093624,303113.05703823,2.26744481
1772146224.026022,22:50:24.026022,13,177072.01429073,303114.66878787,2.24890039
1772146234.026022,22:50:34.026022,14,177049.62871066,303116.14926044,2.25400841
1772146243.026022,22:50:43.026022,14,177029.52373020,303117.59681992,2.24552464
1772146255.026022,22:50:55.026022,16,177002.86466495,303119.59420029,2.21941612
1772146264.026022,22:51:04.026022,17,176982.68048183,303121.33448926,2.24107560
1772146273.026022,22:51:13.026022,17,176962.64666644,303122.85280088,2.24210524
1772146280.258000,22:51:20.258000,18,176946.52261058,303124.37084512,2.24499988
1772146287.740000,22:51:27.740000,19,176929.93376881,303125.99693776,2.22805519
1772146302.714000,22:51:42.714000,20,176896.54935414,303129.12722779,2.23544035
1772146310.194000,22:51:50.194000,21,176879.88290936,303130.70770789,2.23711178
1772146317.674000,22:51:57.674000,22,176863.26027066,303132.24781896,2.23313617
1772146332.656000,22:52:12.656000,23,176829.96760327,303135.49245406,2.22907582
1772146340.180000,22:52:20.180000,24,176813.34350354,303137.03672422,2.21707064
1772146347.720000,22:52:27.720000,25,176796.59923893,303138.74848355,2.22446544
1772146355.210000,22:52:35.210000,26,176779.98100811,303140.57925285,2.22627813
1772146370.284000,22:52:50.284000,27,176746.59337002,303144.37730325,2.22066673
1772146377.836000,22:52:57.836000,28,176729.89873082,303146.16124011,2.21733325
1772146392.928000,22:53:12.928000,29,176696.69563633,303149.75600339,2.20906780
1772146400.526000,22:53:20.526000,30,176679.86539418,303151.71970714,2.22548392
1772146412.026022,22:53:32.026022,31,176654.53639180,303154.54822434,2.21379492
1772146423.141999,22:53:43.141999,32,176630.10962445,303157.58837117,2.19348479
1772146434.026022,22:53:54.026022,34,176605.84188801,303160.89547909,2.24039893
1772146442.026022,22:54:02.026022,34,176588.26936108,303163.19362034,2.21116430
1772146454.026022,22:54:14.026022,36,176561.62854725,303166.45538415,2.22708065
1772146464.026022,22:54:24.026022,37,176539.35657269,303169.15143169,2.23735003
1772146475.026022,22:54:35.026022,38,176515.00900227,303172.07691253,2.22654047
1772146483.477999,22:54:43.477999,38,176496.31309468,303174.45519556,2.21824147
1772146494.026022,22:54:54.026022,39,176473.05864719,303177.08880033,2.21640173
1772146505.026022,22:55:05.026022,41,176449.09030155,303179.73572101,2.18812818
1772146513.645999,22:55:13.645999,41,176430.30373195,303181.61546530,2.18250679
1772146525.026022,22:55:25.026022,43,176405.44918445,303184.05456485,2.18901559
1772146536.272000,22:55:36.272000,44,176380.83814815,303186.18019833,2.18767600

